Produkt,Stadt,Verkaufsmenge,Umsatz,Datum
Monitor,Köln,476,447.34,2023-03-14
Headphones,Köln,455,1070.49,2023-08-25
Tablet,Köln,160,609.92,2023-02-15
Headphones,Köln,11,1596.07,2023-04-16
Headphones,Frankfurt,138,1176.31,2023-10-15
Smartphone,Frankfurt,457,1287.44,2023-09-19
Tablet,Hamburg,78,1605.93,2023-06-25
Tablet,Berlin,77,822.14,2023-06-15
Tablet,Köln,441,1834.43,2023-05-25
Headphones,Hamburg,254,1089.41,2023-11-26
Monitor,Berlin,409,358.01,2023-10-10
Tablet,München,258,1407.0,2023-02-23
Headphones,Frankfurt,320,1596.86,2023-06-27
Smartphone,Berlin,291,667.69,2023-09-01
Monitor,München,263,1721.5,2023-12-07
Smartphone,Berlin,85,1816.98,2023-05-07
Monitor,Frankfurt,146,589.96,2023-09-28
Headphones,Frankfurt,323,1967.87,2023-05-12
Laptop,Hamburg,42,324.39,2023-04-03
Monitor,Köln,374,443.93,2023-03-14
Smartphone,Berlin,125,409.24,2023-09-05
Headphones,Berlin,167,1793.28,2023-12-14
Monitor,München,425,1325.87,2023-09-30
Laptop,Frankfurt,241,346.6,2023-02-12
Laptop,Berlin,459,908.63,2023-02-10
Tablet,Frankfurt,487,1249.83,2023-06-19
Tablet,Berlin,280,212.75,2023-07-31
Smartphone,Hamburg,188,1770.71,2023-06-17
Monitor,Köln,302,1617.03,2023-02-08
Monitor,Berlin,19,1035.15,2023-09-02
Tablet,Frankfurt,68,1935.9,2023-05-31
Monitor,Hamburg,218,864.63,2023-04-21
Monitor,Berlin,102,1969.02,2023-02-16
Laptop,München,42,1352.44,2023-03-04
Tablet,Köln,288,1287.61,2023-08-13
Headphones,Berlin,167,373.61,2023-03-10
Tablet,Hamburg,109,1769.76,2023-10-26
Headphones,München,494,883.6,2023-10-17
Laptop,Hamburg,36,366.36,2023-10-23
Smartphone,Hamburg,232,74.58,2023-07-22
Monitor,München,229,1141.52,2023-03-02
Laptop,Hamburg,353,1078.43,2023-11-14
Monitor,München,164,1452.74,2023-11-10
Smartphone,Berlin,387,1786.0,2023-06-10
Smartphone,München,73,204.84,2023-11-27
Laptop,München,136,1476.42,2023-01-16
Smartphone,Köln,353,415.45,2023-12-04
Headphones,München,379,1723.45,2023-04-04
Smartphone,München,70,1647.17,2023-10-31
Monitor,Berlin,425,1104.55,2023-05-18
Monitor,Köln,487,1434.97,2023-12-04
Monitor,Frankfurt,196,662.98,2023-02-07
Monitor,Berlin,269,968.78,2023-05-07
Headphones,Berlin,49,1652.19,2023-10-02
Tablet,Frankfurt,316,945.57,2023-06-13
Laptop,München,130,747.71,2023-11-15
Monitor,Hamburg,444,1013.71,2023-03-18
Smartphone,Köln,5,1665.09,2023-06-23
Monitor,Hamburg,428,703.66,2023-12-24
Smartphone,Frankfurt,27,388.84,2023-11-17
Smartphone,Berlin,160,1438.43,2023-04-01
Monitor,Berlin,149,1660.66,2023-08-26
Headphones,Köln,264,246.24,2023-09-21
Smartphone,Berlin,230,517.75,2023-06-28
Smartphone,Berlin,200,326.85,2023-07-28
Monitor,Köln,50,728.49,2023-03-14
Smartphone,Köln,67,928.18,2023-04-17
Smartphone,Frankfurt,300,1510.21,2023-12-11
Monitor,Berlin,381,1319.74,2023-10-22
Monitor,Berlin,58,1260.81,2023-10-11
Laptop,Frankfurt,259,737.13,2023-12-19
Headphones,München,342,1690.82,2023-07-01
Headphones,München,326,969.01,2023-02-06
Smartphone,München,130,1959.25,2023-05-17
Headphones,Frankfurt,215,1286.58,2023-12-04
Smartphone,Berlin,172,296.22,2023-02-25
Laptop,Frankfurt,258,1368.55,2023-07-06
Monitor,Frankfurt,102,683.95,2023-12-07
Monitor,München,209,1388.34,2023-09-15
Monitor,Hamburg,291,185.8,2023-02-27
Headphones,Berlin,354,391.02,2023-12-29
Laptop,München,471,1718.69,2023-05-03
Headphones,Hamburg,286,493.0,2023-07-07
Headphones,Hamburg,116,1682.23,2023-08-18
Laptop,Köln,264,594.59,2023-06-17
Laptop,Berlin,150,1303.62,2023-04-24
Laptop,Hamburg,300,1403.59,2023-09-09
Laptop,München,442,1049.68,2023-04-17
Monitor,Köln,36,645.36,2023-02-06
Tablet,Berlin,453,464.66,2023-12-01
Tablet,Frankfurt,333,114.72,2023-04-02
Laptop,München,477,642.7,2023-01-18
Tablet,Hamburg,287,1323.67,2023-12-20
Tablet,Hamburg,303,1879.69,2023-03-04
Laptop,München,311,1748.85,2023-05-30
Tablet,Hamburg,208,1543.83,2023-05-19
Headphones,Köln,106,1587.47,2023-07-05
Smartphone,Berlin,446,1346.72,2023-07-04
Smartphone,Köln,158,557.56,2023-07-24
Laptop,Hamburg,121,1819.03,2023-09-17
Monitor,Frankfurt,55,1357.93,2023-08-02
Laptop,Berlin,400,1142.86,2023-09-13
Monitor,Berlin,12,266.43,2023-05-15
Smartphone,München,145,921.76,2023-03-02
Laptop,München,400,947.7,2023-12-29
Headphones,Frankfurt,396,1735.9,2023-11-06
Tablet,Berlin,136,1115.96,2023-03-29
Monitor,Frankfurt,468,791.78,2023-11-20
Tablet,München,3,1954.76,2023-07-26
Tablet,München,144,265.91,2023-05-09
Laptop,Berlin,30,873.97,2023-11-07
Tablet,Köln,237,131.95,2023-01-03
Headphones,Hamburg,279,1492.81,2023-08-30
Tablet,München,348,1840.25,2023-05-01
Laptop,München,115,596.07,2023-04-12
Headphones,Köln,104,1723.77,2023-02-07
Smartphone,Köln,118,619.83,2023-12-07
Tablet,Frankfurt,5,1826.0,2023-05-13
Laptop,Frankfurt,468,1520.23,2023-07-21
Smartphone,Hamburg,360,1619.57,2023-12-14
Smartphone,Hamburg,248,85.11,2023-01-21
Monitor,Berlin,364,1927.48,2023-08-30
Headphones,Frankfurt,321,1467.01,2023-04-19
Tablet,München,121,644.26,2023-10-30
Laptop,Frankfurt,286,1667.32,2023-03-25
Monitor,München,149,598.97,2023-03-24
Headphones,Köln,84,1751.87,2023-10-18
Monitor,Frankfurt,454,269.53,2023-03-10
Headphones,Köln,406,1422.19,2023-05-09
Headphones,Hamburg,466,1104.36,2023-07-15
Tablet,Hamburg,456,238.24,2023-05-20
Headphones,Berlin,231,521.69,2023-10-10
Monitor,Frankfurt,288,74.19,2023-11-08
Headphones,Köln,161,964.1,2023-08-22
Tablet,München,272,637.47,2023-01-23
Tablet,Hamburg,460,1216.8,2023-06-02
Monitor,Hamburg,38,629.61,2023-10-04
Smartphone,München,226,634.84,2023-03-02
Smartphone,Köln,142,1499.23,2023-11-15
Headphones,Köln,292,143.88,2023-02-21
Laptop,Frankfurt,481,1810.65,2023-12-10
Headphones,Frankfurt,151,1711.91,2023-06-02
Monitor,Berlin,114,1352.22,2023-08-25
Monitor,Hamburg,237,1206.78,2023-11-07
Monitor,Frankfurt,66,1789.99,2023-10-29
Monitor,Köln,361,411.39,2023-02-01
Monitor,München,341,203.99,2023-02-24
Tablet,Köln,258,517.04,2023-12-18
Smartphone,Hamburg,475,1599.43,2023-02-05
Monitor,Köln,249,117.61,2023-04-20
Laptop,Berlin,457,1186.47,2023-06-26
Laptop,Hamburg,449,1991.1,2023-12-28
Laptop,München,331,1718.61,2023-11-10
Laptop,Berlin,323,1066.82,2023-10-22
Tablet,Hamburg,180,174.1,2023-12-02
Laptop,München,190,1671.18,2023-04-07
Monitor,Berlin,407,1218.01,2023-08-01
Headphones,Berlin,154,274.12,2023-11-13
Laptop,Hamburg,196,233.02,2023-05-17
Tablet,Frankfurt,466,1823.77,2023-01-06
Tablet,Berlin,311,1354.94,2023-04-19
Laptop,Berlin,262,1667.11,2023-02-04
Headphones,München,419,1764.01,2023-02-08
Laptop,Köln,406,1164.96,2023-05-30
Tablet,Hamburg,427,1059.02,2023-04-28
Smartphone,Hamburg,143,889.33,2023-09-18
Monitor,Frankfurt,342,668.05,2023-03-28
Tablet,Frankfurt,316,897.46,2023-03-17
Laptop,Hamburg,101,1559.07,2023-11-09
Monitor,Frankfurt,244,1223.75,2023-08-02
Laptop,München,490,1790.42,2023-10-12
Laptop,Hamburg,12,914.59,2023-08-27
Smartphone,Frankfurt,239,1233.82,2023-06-14
Monitor,Hamburg,49,1281.05,2023-03-28
Monitor,Köln,42,1203.81,2023-05-21
Smartphone,Berlin,166,1420.14,2023-06-09
Tablet,Hamburg,82,513.0,2023-02-15
Laptop,Berlin,429,1049.11,2023-04-22
Headphones,Frankfurt,291,253.24,2023-02-14
Laptop,Berlin,158,799.8,2023-09-04
Laptop,Hamburg,216,1000.95,2023-04-14
Tablet,Köln,490,1321.84,2023-03-26
Laptop,Frankfurt,158,1903.54,2023-05-14
Smartphone,Hamburg,462,1221.27,2023-04-18
Smartphone,Frankfurt,134,1500.01,2023-01-18
Monitor,München,67,1037.22,2023-04-04
Headphones,Berlin,336,1286.5,2023-05-30
Laptop,München,7,188.32,2023-09-03
Laptop,Hamburg,436,546.06,2023-10-16
Tablet,Köln,14,755.61,2023-07-28
Smartphone,Frankfurt,73,971.36,2023-05-06
Headphones,Berlin,399,139.02,2023-08-23
Monitor,Frankfurt,405,323.05,2023-05-02
Smartphone,Hamburg,163,589.79,2023-05-18
Monitor,Frankfurt,66,1944.49,2023-04-25
Tablet,Berlin,347,696.13,2023-06-11
Tablet,Hamburg,130,989.98,2023-07-20
Laptop,Frankfurt,419,432.39,2023-08-22
Headphones,Köln,466,1241.02,2023-01-28
Monitor,Hamburg,206,597.33,2023-01-11
Smartphone,Hamburg,276,453.64,2023-07-25
Tablet,Köln,466,1057.32,2023-06-16
Laptop,München,256,60.74,2023-09-04
Laptop,Berlin,266,64.94,2023-02-16
Monitor,München,25,477.18,2023-09-03
Tablet,Frankfurt,450,121.61,2023-05-07
Headphones,Köln,281,260.65,2023-05-27
Tablet,München,253,710.78,2023-04-28
Monitor,Hamburg,310,1615.04,2023-06-01
Monitor,Frankfurt,289,1165.49,2023-03-13
Tablet,Frankfurt,164,1049.7,2023-12-29
Monitor,München,95,622.3,2023-05-17
Tablet,München,270,1866.92,2023-06-24
Smartphone,Köln,321,824.18,2023-10-16
Tablet,Berlin,110,219.83,2023-01-19
Tablet,München,336,1253.28,2023-07-14
Monitor,München,310,271.98,2023-11-26
Monitor,Hamburg,238,723.19,2023-06-24
Laptop,Frankfurt,381,1039.45,2023-12-20
Laptop,Berlin,436,1754.73,2023-05-21
Smartphone,Hamburg,387,1012.42,2023-09-03
Laptop,Köln,483,1419.4,2023-04-03
Tablet,Köln,425,1985.99,2023-08-27
Monitor,München,390,306.4,2023-07-24
Laptop,München,25,585.73,2023-02-17
Laptop,Köln,141,819.42,2023-09-02
Smartphone,München,117,872.56,2023-11-16
Smartphone,Berlin,482,851.49,2023-11-13
Tablet,München,392,1819.84,2023-10-22
Monitor,Frankfurt,405,1442.36,2023-05-08
Smartphone,München,482,1235.42,2023-12-10
Laptop,Hamburg,452,653.28,2023-10-09
Monitor,Berlin,25,1656.39,2023-01-17
Monitor,Hamburg,79,1912.37,2023-03-12
Laptop,Hamburg,68,1651.34,2023-09-26
Smartphone,Frankfurt,173,53.05,2023-11-21
Laptop,Berlin,444,1290.98,2023-10-09
Monitor,Berlin,12,149.71,2023-11-01
Headphones,Berlin,288,552.33,2023-01-07
Headphones,Berlin,128,166.07,2023-11-10
Tablet,Berlin,96,1227.4,2023-11-01
Laptop,Frankfurt,92,1388.85,2023-04-13
Laptop,München,141,273.25,2023-11-05
Tablet,Hamburg,31,798.49,2023-07-12
Tablet,Berlin,334,939.66,2023-08-29
Tablet,München,20,769.65,2023-03-03
Monitor,München,146,286.0,2023-01-17
Laptop,Hamburg,477,866.95,2023-06-20
Monitor,Frankfurt,316,1514.8,2023-01-25
Tablet,Köln,447,188.46,2023-09-08
Laptop,Köln,390,206.35,2023-09-10
Monitor,München,160,741.8,2023-07-26
Monitor,Hamburg,349,1886.37,2023-01-29
Tablet,Köln,43,1353.72,2023-04-27
Laptop,München,254,1373.41,2023-10-09
Tablet,Frankfurt,130,755.74,2023-05-24
Laptop,Köln,60,1207.64,2023-01-25
Headphones,München,151,69.76,2023-11-06
Smartphone,München,467,1290.39,2023-06-05
Smartphone,Berlin,287,1830.91,2023-03-14
Smartphone,Frankfurt,499,1244.52,2023-04-30
Tablet,Berlin,5,1753.71,2023-11-08
Headphones,Hamburg,467,1461.75,2023-11-17
Laptop,Berlin,418,285.09,2023-04-03
Monitor,Berlin,266,1809.78,2023-03-27
Laptop,Köln,345,179.57,2023-12-02
Monitor,München,130,1091.24,2023-12-30
Laptop,Frankfurt,382,327.17,2023-04-28
Headphones,Berlin,267,72.83,2023-08-21
Monitor,Frankfurt,178,872.97,2023-07-18
Tablet,Berlin,253,625.33,2023-07-25
Laptop,Hamburg,415,997.7,2023-12-05
Laptop,Berlin,56,1175.54,2023-05-27
Monitor,Köln,463,135.29,2023-09-28
Tablet,München,457,289.86,2023-05-19
Tablet,Hamburg,471,1139.35,2023-06-30
Headphones,Berlin,83,719.18,2023-01-30
Tablet,Frankfurt,393,1471.89,2023-02-26
Tablet,Hamburg,99,1321.97,2023-08-20
Tablet,Hamburg,149,1698.93,2023-05-26
Smartphone,Berlin,329,1400.36,2023-02-17
Headphones,Hamburg,156,888.37,2023-07-13
Laptop,Frankfurt,190,1362.28,2023-08-12
Monitor,Hamburg,494,586.99,2023-05-16
Laptop,Frankfurt,371,647.31,2023-01-22
Headphones,Berlin,263,1588.52,2023-01-06
Monitor,München,80,920.52,2023-07-23
Headphones,Hamburg,400,1606.84,2023-08-27
Tablet,München,252,1653.72,2023-07-04
Monitor,Frankfurt,97,1722.25,2023-12-26
Tablet,Hamburg,260,1837.44,2023-10-19
Laptop,Köln,260,890.42,2023-12-01
Laptop,München,103,671.79,2023-08-08
Monitor,Hamburg,40,1185.29,2023-04-26
Monitor,München,273,773.79,2023-11-09
Headphones,Hamburg,101,1222.09,2023-02-18
Headphones,Berlin,359,1425.89,2023-06-22
Tablet,München,380,1392.39,2023-03-23
Monitor,Köln,308,780.38,2023-11-18
Laptop,Köln,221,375.38,2023-11-29
Headphones,Frankfurt,308,889.53,2023-02-14
Headphones,Hamburg,420,328.06,2023-12-01
Laptop,München,124,1785.69,2023-01-20
Headphones,Frankfurt,422,724.46,2023-08-09
Tablet,München,231,351.2,2023-05-03
Monitor,Hamburg,178,99.62,2023-08-22
Laptop,Köln,63,1309.35,2023-08-09
Monitor,Berlin,485,1291.96,2023-11-19
Headphones,Köln,116,714.18,2023-12-05
Headphones,Frankfurt,191,189.84,2023-01-03
Laptop,Berlin,62,848.78,2023-07-01
Tablet,Frankfurt,256,656.87,2023-07-25
Smartphone,Hamburg,483,1370.39,2023-11-16
Laptop,Berlin,7,1231.27,2023-02-09
Smartphone,Frankfurt,155,760.96,2023-02-28
Smartphone,Hamburg,92,474.89,2023-03-03
Tablet,Köln,470,1976.67,2023-05-12
Smartphone,Hamburg,14,935.3,2023-03-01
Smartphone,München,455,1392.13,2023-11-27
Tablet,Hamburg,229,324.08,2023-05-02
Smartphone,Hamburg,86,996.9,2023-04-17
Smartphone,München,133,103.7,2023-04-06
Smartphone,Frankfurt,183,1035.64,2023-12-13
Laptop,Frankfurt,386,1929.83,2023-08-23
Laptop,Hamburg,62,799.2,2023-03-03
Laptop,München,219,126.04,2023-09-13
Tablet,München,405,110.36,2023-02-18
Headphones,Köln,246,806.57,2023-12-14
Smartphone,Frankfurt,230,362.05,2023-06-08
Smartphone,Berlin,79,95.54,2023-05-04
Tablet,Frankfurt,149,1524.62,2023-11-13
Smartphone,Frankfurt,138,944.12,2023-07-26
Laptop,Köln,471,614.03,2023-02-17
Headphones,Berlin,314,1805.16,2023-05-16
Monitor,Köln,376,276.47,2023-07-20
Smartphone,Berlin,423,1914.04,2023-09-07
Laptop,Hamburg,389,662.24,2023-11-10
Monitor,Berlin,65,1782.39,2023-12-23
Headphones,Köln,13,1225.74,2023-11-14
Monitor,Frankfurt,213,1662.08,2023-10-22
Laptop,Berlin,474,1968.83,2023-11-10
Monitor,Berlin,242,612.39,2023-07-28
Tablet,München,493,1924.21,2023-12-21
Monitor,Frankfurt,213,809.49,2023-07-30
Smartphone,Hamburg,181,801.75,2023-07-11
Smartphone,Köln,338,713.75,2023-02-13
Tablet,Hamburg,485,1105.74,2023-01-29
Laptop,Frankfurt,173,350.58,2023-02-28
Smartphone,Berlin,160,1129.74,2023-03-12
Headphones,Berlin,164,1106.32,2023-04-02
Smartphone,Frankfurt,465,1535.71,2023-09-22
Smartphone,Berlin,483,1675.62,2023-08-08
Laptop,Berlin,497,908.86,2023-08-03
Monitor,Berlin,188,639.55,2023-10-04
Smartphone,Köln,395,555.7,2023-03-05
Tablet,Köln,191,429.52,2023-12-12
Monitor,München,405,162.41,2023-10-19
Headphones,Hamburg,308,717.77,2023-09-02
Laptop,Frankfurt,256,576.98,2023-03-03
Headphones,Frankfurt,183,1934.51,2023-11-28
Monitor,Frankfurt,117,1137.53,2023-06-19
Monitor,München,282,727.19,2023-09-26
Monitor,Köln,196,1181.91,2023-09-24
Headphones,München,34,321.43,2023-02-23
Monitor,Frankfurt,52,915.89,2023-01-16
Headphones,Hamburg,112,1271.16,2023-01-08
Monitor,Berlin,252,1003.35,2023-04-14
Tablet,Köln,82,833.47,2023-02-28
Monitor,Köln,232,1988.0,2023-11-09
Headphones,München,227,1766.61,2023-02-09
Smartphone,Köln,233,1265.64,2023-08-25
Monitor,Frankfurt,221,1160.29,2023-04-04
Smartphone,Frankfurt,436,1260.29,2023-08-10
Tablet,München,413,442.56,2023-07-23
Laptop,Frankfurt,422,820.52,2023-05-18
Tablet,Hamburg,42,126.95,2023-10-27
Monitor,München,21,977.31,2023-07-26
Smartphone,Hamburg,42,1108.9,2023-12-02
Smartphone,Berlin,397,494.11,2023-03-22
Headphones,Hamburg,113,1929.86,2023-08-06
Smartphone,Berlin,105,1823.44,2023-01-02
Headphones,Berlin,192,1458.18,2023-06-27
Laptop,Hamburg,17,1090.1,2023-12-12
Monitor,München,120,1746.44,2023-10-06
Headphones,Frankfurt,393,304.77,2023-05-26
Laptop,Frankfurt,425,1591.49,2023-11-14
Smartphone,Berlin,129,293.4,2023-08-12
Smartphone,Berlin,130,1598.71,2023-03-03
Laptop,München,60,587.75,2023-10-21
Smartphone,Köln,48,1760.33,2023-08-27
Laptop,Hamburg,29,1890.88,2023-07-14
Headphones,Berlin,97,340.15,2023-06-15
Headphones,Frankfurt,10,952.22,2023-08-10
Laptop,München,242,1962.93,2023-03-02
Headphones,Hamburg,314,992.64,2023-05-09
Headphones,München,444,1733.92,2023-06-22
Headphones,Hamburg,232,1198.03,2023-06-05
Tablet,Hamburg,277,781.89,2023-04-20
Monitor,Berlin,284,607.28,2023-09-26
Smartphone,München,203,446.29,2023-12-22
Tablet,München,247,1535.51,2023-10-05
Headphones,Frankfurt,290,803.75,2023-03-15
Laptop,Frankfurt,264,1046.99,2023-07-26
Headphones,Berlin,443,1010.03,2023-10-06
Monitor,Berlin,214,1175.69,2023-11-22
Headphones,Köln,200,1737.88,2023-12-06
Laptop,Frankfurt,433,1962.44,2023-12-23
Monitor,Hamburg,79,844.79,2023-12-06
Headphones,München,401,1663.66,2023-07-23
Monitor,Berlin,444,1540.83,2023-06-10
Smartphone,München,343,1168.38,2023-01-28
Smartphone,München,344,1914.29,2023-09-14
Headphones,Köln,173,440.93,2023-06-14
Monitor,Frankfurt,467,263.07,2023-03-04
Laptop,Berlin,69,1715.23,2023-01-22
Headphones,München,416,906.34,2023-03-11
Smartphone,Berlin,428,1701.59,2023-04-06
Smartphone,Hamburg,449,1791.53,2023-06-12
Headphones,Köln,87,171.79,2023-03-20
Monitor,Hamburg,101,1772.76,2023-01-05
Smartphone,Berlin,8,924.22,2023-11-12
Monitor,Berlin,333,1045.34,2023-04-30
Smartphone,Frankfurt,200,1271.86,2023-10-29
Smartphone,München,87,1856.45,2023-06-27
Tablet,München,43,87.28,2023-06-25
Smartphone,Hamburg,385,979.84,2023-08-05
Laptop,Köln,109,1391.06,2023-02-25
Headphones,München,435,1459.28,2023-07-06
Headphones,Frankfurt,408,1400.44,2023-08-20
Monitor,Hamburg,483,312.15,2023-09-12
Smartphone,Hamburg,152,633.82,2023-04-14
Laptop,Frankfurt,17,749.5,2023-03-18
Monitor,Köln,133,1618.65,2023-08-18
Tablet,Frankfurt,148,593.58,2023-09-15
Monitor,Köln,277,460.87,2023-09-21
Monitor,Frankfurt,232,1917.02,2023-11-27
Smartphone,Frankfurt,314,67.28,2023-07-01
Tablet,Berlin,415,1995.75,2023-09-13
Monitor,Hamburg,366,1369.8,2023-02-07
Laptop,Frankfurt,228,1665.52,2023-06-25
Laptop,Frankfurt,139,624.51,2023-01-27
Headphones,München,436,77.91,2023-10-03
Tablet,Hamburg,399,1488.85,2023-05-20
Tablet,München,211,1676.58,2023-10-26
Headphones,Hamburg,391,1493.93,2023-10-14
Monitor,München,499,328.56,2023-04-01
Tablet,Frankfurt,28,1519.18,2023-03-02
Laptop,Frankfurt,51,1549.4,2023-12-31
Laptop,Berlin,491,1334.15,2023-12-13
Smartphone,München,442,1543.93,2023-06-12
Tablet,Köln,261,1699.55,2023-12-17
Monitor,Berlin,261,1246.53,2023-05-23
Headphones,München,350,222.78,2023-09-10
Headphones,München,352,1000.87,2023-09-26
Monitor,Berlin,8,201.42,2023-10-18
Smartphone,Frankfurt,320,844.71,2023-07-06
Headphones,München,138,843.86,2023-10-31
Tablet,Frankfurt,38,178.72,2023-10-18
Smartphone,Berlin,111,730.2,2023-03-27
Tablet,Frankfurt,480,266.45,2023-06-15
Laptop,Hamburg,368,1626.06,2023-04-24
Smartphone,Köln,220,1897.99,2023-12-22
Headphones,München,337,191.02,2023-07-02
Smartphone,Köln,223,1912.47,2023-07-26
Smartphone,Frankfurt,136,1069.02,2023-09-13
Smartphone,München,256,634.15,2023-08-23
Smartphone,Frankfurt,360,199.88,2023-12-21
Tablet,Hamburg,409,1026.22,2023-01-03
Laptop,Berlin,329,1599.31,2023-07-27
Monitor,München,450,1428.82,2023-07-16
Smartphone,Hamburg,463,147.94,2023-12-07
Headphones,Hamburg,434,192.16,2023-05-05
Smartphone,München,451,835.6,2023-05-18
Headphones,Frankfurt,49,625.82,2023-12-05
Tablet,Hamburg,292,503.15,2023-01-25
Headphones,Köln,382,597.96,2023-03-09
Monitor,Hamburg,324,1616.79,2023-03-02
Laptop,Frankfurt,78,1861.99,2023-01-29
Headphones,Frankfurt,105,839.95,2023-01-19
Headphones,Köln,169,1816.92,2023-06-20
Laptop,Hamburg,217,676.92,2023-03-15
Monitor,Frankfurt,378,979.05,2023-03-02
Smartphone,München,119,490.76,2023-06-02
Headphones,Berlin,190,1298.93,2023-10-03
Laptop,Berlin,255,1959.01,2023-02-17
Tablet,Berlin,370,1226.81,2023-07-30
Laptop,Hamburg,266,747.74,2023-12-09
Tablet,Köln,149,1313.24,2023-05-19
Monitor,Frankfurt,164,289.7,2023-04-20
Smartphone,München,140,1782.89,2023-07-02
Laptop,München,347,1031.01,2023-01-28
Headphones,Hamburg,488,926.23,2023-07-16
Monitor,Berlin,258,1192.44,2023-07-10
Laptop,Hamburg,374,1268.33,2023-11-11
Headphones,Köln,269,189.96,2023-02-20
Laptop,Köln,181,1381.1,2023-05-29
Tablet,Frankfurt,160,521.77,2023-09-25
Laptop,Frankfurt,351,1442.21,2023-02-19
Laptop,Köln,400,1653.94,2023-09-03
Laptop,Köln,288,1617.72,2023-04-23
Monitor,Köln,288,1127.38,2023-06-19
Laptop,Hamburg,380,1064.33,2023-06-15
Headphones,Köln,226,328.61,2023-01-14
Tablet,München,11,1561.92,2023-07-22
Tablet,Berlin,10,579.25,2023-10-15
Laptop,Köln,271,1018.56,2023-07-08
Monitor,Berlin,273,604.33,2023-06-04
Monitor,Hamburg,424,310.97,2023-02-24
Headphones,Berlin,402,1277.64,2023-07-01
Laptop,Hamburg,183,155.95,2023-07-29
Tablet,München,457,1509.86,2023-03-16
Monitor,Hamburg,153,669.29,2023-10-04
Laptop,Hamburg,488,50.26,2023-05-13
Monitor,Frankfurt,315,1046.7,2023-12-09
Monitor,Köln,334,141.36,2023-02-28
Tablet,Köln,124,588.53,2023-12-11
Smartphone,München,473,1428.6,2023-07-01
Headphones,München,114,172.24,2023-12-05
Headphones,Köln,278,1686.71,2023-11-17
Tablet,Frankfurt,414,57.45,2023-03-05
Monitor,Köln,468,531.31,2023-11-23
Laptop,Frankfurt,213,1494.76,2023-09-17
Monitor,München,172,666.73,2023-07-12
Tablet,Berlin,288,248.69,2023-05-23
Headphones,München,435,752.46,2023-04-14
Monitor,München,174,577.27,2023-08-02
Headphones,Hamburg,113,1693.29,2023-08-30
Laptop,Hamburg,376,661.03,2023-07-28
Headphones,Hamburg,405,1588.42,2023-04-03
Headphones,Hamburg,483,1789.15,2023-05-22
Smartphone,Frankfurt,122,895.94,2023-04-22
Smartphone,Köln,32,1824.39,2023-02-28
Smartphone,Berlin,222,785.77,2023-02-12
Headphones,München,119,1929.95,2023-07-26
Tablet,Frankfurt,39,224.11,2023-09-25
Headphones,Berlin,497,1389.69,2023-10-23
Tablet,Frankfurt,268,1012.94,2023-04-28
Tablet,Frankfurt,233,805.92,2023-01-20
Smartphone,München,431,1283.79,2023-08-10
Monitor,Köln,18,1422.52,2023-06-15
Laptop,Hamburg,149,58.51,2023-05-11
Smartphone,Köln,397,375.56,2023-06-05
Smartphone,München,149,1440.44,2023-07-03
Monitor,München,126,1349.45,2023-03-31
Laptop,München,392,1933.79,2023-04-04
Headphones,Berlin,302,1534.02,2023-01-13
Headphones,Köln,360,1904.01,2023-11-18
Smartphone,Köln,238,1419.95,2023-10-20
Laptop,Frankfurt,135,631.2,2023-08-18
Smartphone,Frankfurt,151,255.46,2023-11-18
Tablet,Frankfurt,236,1574.56,2023-10-19
Smartphone,München,224,1306.09,2023-01-26
Smartphone,Köln,203,143.96,2023-03-16
Headphones,München,256,752.1,2023-12-30
Headphones,Berlin,86,1915.76,2023-10-26
Headphones,Frankfurt,150,1025.78,2023-05-30
Tablet,München,235,893.82,2023-05-28
Headphones,München,345,942.51,2023-01-08
Laptop,Berlin,22,457.32,2023-01-29
Monitor,Hamburg,348,768.98,2023-10-23
Laptop,Köln,285,771.14,2023-07-28
Laptop,Hamburg,269,152.09,2023-05-08
Headphones,Frankfurt,466,1546.76,2023-12-06
Monitor,München,258,862.18,2023-04-26
Monitor,Berlin,29,1653.25,2023-05-24
Monitor,Berlin,213,1708.18,2023-11-14
Tablet,Köln,463,463.39,2023-08-23
Headphones,Hamburg,436,1331.84,2023-01-07
Monitor,Köln,283,970.95,2023-02-14
Tablet,München,50,1766.31,2023-08-27
Smartphone,Köln,95,470.69,2023-06-04
Smartphone,Berlin,463,1371.74,2023-06-30
Tablet,Berlin,499,1235.12,2023-08-03
Tablet,Frankfurt,407,625.84,2023-03-29
Headphones,Frankfurt,88,316.37,2023-09-13
Headphones,München,44,1320.7,2023-03-14
Smartphone,Hamburg,461,1490.27,2023-06-28
Monitor,Köln,278,665.47,2023-07-31
Smartphone,München,171,1307.42,2023-10-20
Monitor,Frankfurt,421,820.51,2023-08-22
Monitor,Köln,189,1440.75,2023-08-27
Headphones,Frankfurt,353,438.47,2023-08-11
Laptop,Köln,184,1785.92,2023-04-29
Laptop,Hamburg,3,610.45,2023-11-09
Tablet,München,191,767.18,2023-09-21
Headphones,Köln,118,163.28,2023-07-26
Monitor,Berlin,19,267.45,2023-04-05
Laptop,Berlin,23,1055.93,2023-08-10
Monitor,Köln,413,571.81,2023-10-03
Laptop,Köln,30,1679.19,2023-08-19
Laptop,Köln,295,78.65,2023-11-05
Laptop,Berlin,108,789.23,2023-04-29
Headphones,Berlin,367,707.82,2023-09-25
Smartphone,Köln,281,87.69,2023-09-30
Monitor,Frankfurt,128,292.52,2023-03-05
Headphones,Frankfurt,229,856.6,2023-10-25
Headphones,Hamburg,111,1011.09,2023-12-16
Headphones,München,136,838.37,2023-01-11
Headphones,Frankfurt,362,1085.33,2023-04-08
Headphones,Berlin,186,1210.51,2023-03-12
Tablet,Frankfurt,144,69.35,2023-12-30
Monitor,Hamburg,72,954.99,2023-02-27
Headphones,Hamburg,129,1928.82,2023-10-17
Monitor,München,364,1062.11,2023-09-08
Tablet,Frankfurt,261,1371.21,2023-10-03
Tablet,Berlin,3,658.13,2023-02-19
Monitor,Berlin,449,1559.28,2023-12-24
Laptop,Köln,388,1557.2,2023-08-04
Smartphone,Berlin,104,1066.53,2023-02-21
Laptop,München,483,1953.23,2023-09-28
Laptop,München,224,294.82,2023-03-25
Laptop,Berlin,320,83.05,2023-10-20
Headphones,Berlin,362,1551.81,2023-05-06
Tablet,Köln,354,1623.95,2023-10-23
Laptop,Berlin,491,284.4,2023-03-13
Tablet,Köln,473,567.89,2023-10-23
Monitor,Köln,10,84.23,2023-08-24
Smartphone,Berlin,405,621.95,2023-02-25
Monitor,Hamburg,384,1557.63,2023-12-26
Monitor,Hamburg,302,1060.02,2023-04-20
Headphones,Köln,231,728.79,2023-07-11
Smartphone,Berlin,219,774.89,2023-04-03
Monitor,Hamburg,411,52.64,2023-12-16
Monitor,Berlin,66,634.61,2023-02-25
Smartphone,Berlin,425,1310.59,2023-03-01
Smartphone,Berlin,112,1949.68,2023-05-18
Monitor,Frankfurt,13,1701.77,2023-02-08
Smartphone,Berlin,393,96.01,2023-01-28
Monitor,Frankfurt,420,1802.19,2023-02-18
Monitor,Köln,86,1577.24,2023-05-05
Headphones,Hamburg,234,1571.73,2023-01-13
Laptop,Hamburg,90,943.09,2023-02-05
Monitor,Hamburg,314,826.11,2023-04-11
Tablet,Hamburg,54,640.69,2023-10-09
Laptop,Hamburg,12,178.1,2023-03-27
Laptop,Hamburg,209,495.06,2023-01-04
Laptop,Hamburg,462,530.88,2023-08-11
Headphones,Köln,14,993.95,2023-12-04
Monitor,Berlin,121,1507.52,2023-06-15
Headphones,München,418,973.93,2023-12-10
Monitor,Frankfurt,437,162.8,2023-10-05
Headphones,München,377,1917.69,2023-05-10
Headphones,München,20,1888.31,2023-01-31
Tablet,Berlin,75,1581.12,2023-01-11
Headphones,Berlin,400,1983.09,2023-10-29
Smartphone,Berlin,243,1111.74,2023-04-06
Tablet,Hamburg,223,1927.4,2023-07-09
Headphones,Köln,70,197.43,2023-07-11
Laptop,Hamburg,312,763.08,2023-09-23
Smartphone,Köln,211,489.49,2023-05-08
Smartphone,Köln,101,431.87,2023-08-26
Smartphone,München,186,324.57,2023-12-21
Tablet,München,132,1263.71,2023-04-22
Headphones,Köln,111,1573.58,2023-11-12
Headphones,Köln,381,1177.68,2023-12-09
Laptop,Hamburg,132,336.58,2023-05-25
Laptop,Hamburg,20,1631.69,2023-03-06
Smartphone,München,394,1290.11,2023-09-04
Laptop,Berlin,24,806.92,2023-08-11
Tablet,Köln,227,1364.55,2023-11-09
Headphones,Hamburg,154,556.81,2023-04-16
Smartphone,München,293,723.12,2023-06-30
Laptop,Hamburg,230,1839.1,2023-07-03
Tablet,Köln,469,616.48,2023-08-14
Tablet,Köln,310,966.48,2023-09-22
Laptop,Frankfurt,488,1785.78,2023-10-05
Headphones,Berlin,359,1430.06,2023-03-30
Laptop,Frankfurt,405,171.3,2023-06-25
Smartphone,München,202,337.24,2023-01-18
Laptop,Hamburg,38,65.29,2023-04-16
Tablet,München,430,1280.3,2023-09-28
Laptop,Köln,260,922.96,2023-11-15
Headphones,Frankfurt,188,311.84,2023-06-16
Monitor,Frankfurt,57,1917.97,2023-01-13
Laptop,Frankfurt,429,1082.84,2023-12-03
Headphones,München,20,521.69,2023-02-01
Headphones,Köln,273,1026.18,2023-02-09
Tablet,Hamburg,119,1375.26,2023-05-28
Headphones,Hamburg,71,198.67,2023-08-06
Headphones,München,4,585.67,2023-08-07
Headphones,Frankfurt,221,1623.58,2023-03-23
Headphones,Berlin,14,946.35,2023-11-29
Smartphone,München,3,1115.83,2023-07-27
Smartphone,München,216,893.99,2023-07-20
Tablet,Köln,229,135.6,2023-11-28
Laptop,Hamburg,336,373.21,2023-02-07
Headphones,München,186,918.81,2023-07-30
Laptop,München,55,457.91,2023-11-23
Laptop,Frankfurt,388,147.46,2023-09-06
Tablet,Frankfurt,376,1695.12,2023-08-15
Headphones,Berlin,254,1963.33,2023-02-17
Headphones,Köln,24,1596.63,2023-01-18
Monitor,Berlin,162,1714.88,2023-10-22
Laptop,Frankfurt,158,521.86,2023-07-15
Laptop,Hamburg,82,1923.22,2023-07-06
Smartphone,Frankfurt,403,434.01,2023-12-11
Monitor,Köln,159,1905.29,2023-08-12
Smartphone,Frankfurt,188,1989.9,2023-11-14
Smartphone,Köln,60,1437.86,2023-12-31
Smartphone,Köln,403,1963.23,2023-12-03
Tablet,Köln,305,1160.6,2023-08-17
Tablet,Köln,319,556.11,2023-03-18
Smartphone,Köln,366,902.14,2023-07-07
Monitor,Hamburg,211,1207.44,2023-12-12
Laptop,Berlin,406,192.51,2023-09-27
Monitor,München,152,1263.57,2023-04-05
Headphones,Berlin,109,1963.3,2023-11-06
Tablet,Köln,76,420.71,2023-05-12
Laptop,Hamburg,30,1595.56,2023-02-08
Laptop,Frankfurt,314,1820.4,2023-03-13
Headphones,Hamburg,486,1890.22,2023-10-08
Headphones,Köln,117,1922.26,2023-11-29
Smartphone,Hamburg,415,1066.85,2023-06-09
Tablet,Hamburg,356,1955.75,2023-07-06
Tablet,Köln,192,1526.75,2023-07-10
Monitor,Hamburg,19,365.26,2023-04-30
Smartphone,München,432,979.96,2023-08-08
Smartphone,München,173,1450.75,2023-02-22
Smartphone,Hamburg,228,532.31,2023-08-10
Smartphone,Frankfurt,350,1299.2,2023-05-11
Tablet,Köln,183,1349.87,2023-08-25
Tablet,München,113,367.26,2023-09-03
Smartphone,Frankfurt,183,1151.92,2023-08-14
Monitor,Hamburg,481,1554.67,2023-07-27
Laptop,Frankfurt,146,1022.85,2023-04-06
Laptop,Berlin,319,73.6,2023-07-19
Monitor,München,116,67.63,2023-09-04
Smartphone,Hamburg,113,746.21,2023-03-13
Tablet,Köln,251,1856.08,2023-11-14
Laptop,Hamburg,476,495.92,2023-07-04
Headphones,Köln,251,1287.01,2023-01-06
Headphones,Hamburg,303,483.05,2023-07-25
Monitor,Frankfurt,459,677.26,2023-02-01
Smartphone,Frankfurt,313,1703.68,2023-04-09
Laptop,Frankfurt,118,1471.28,2023-09-13
Smartphone,Berlin,301,236.03,2023-07-06
Laptop,Köln,161,885.97,2023-03-17
Monitor,Frankfurt,401,106.88,2023-06-26
Monitor,Berlin,198,987.74,2023-11-11
Headphones,Köln,260,1341.75,2023-10-14
Smartphone,Hamburg,148,281.08,2023-12-15
Headphones,Berlin,240,613.33,2023-09-12
Smartphone,München,47,825.78,2023-11-21
Headphones,Berlin,475,1843.09,2023-07-09
Tablet,Berlin,399,1986.85,2023-11-04
Tablet,Köln,198,137.58,2023-12-11
Tablet,Hamburg,47,1533.97,2023-05-07
Tablet,München,78,774.86,2023-10-14
Laptop,Frankfurt,124,815.29,2023-09-11
Tablet,Frankfurt,75,1520.82,2023-08-01
Monitor,Berlin,359,1840.93,2023-09-07
Monitor,Köln,137,1904.31,2023-03-25
Laptop,Köln,90,1175.39,2023-01-13
Tablet,Frankfurt,400,746.39,2023-02-14
Tablet,München,325,1585.72,2023-05-07
Tablet,Hamburg,61,539.45,2023-04-24
Headphones,München,138,1149.94,2023-10-03
Smartphone,Hamburg,50,749.23,2023-07-24
Headphones,Frankfurt,259,1330.43,2023-12-03
Smartphone,Hamburg,461,518.78,2023-09-30
Tablet,Köln,107,423.61,2023-02-27
Tablet,Berlin,113,1840.57,2023-11-24
Headphones,Berlin,350,248.52,2023-08-07
Headphones,Frankfurt,254,1036.62,2023-04-19
Smartphone,Köln,118,480.66,2023-10-06
Monitor,München,493,125.91,2023-06-23
Smartphone,Köln,198,120.24,2023-11-24
Headphones,Berlin,337,391.68,2023-09-21
Headphones,Berlin,365,1740.2,2023-11-11
Laptop,Köln,51,600.83,2023-04-21
Headphones,Köln,245,1903.4,2023-07-06
Laptop,Berlin,403,1184.16,2023-09-26
Monitor,München,426,901.4,2023-08-17
Smartphone,Frankfurt,35,1181.17,2023-06-05
Smartphone,Frankfurt,302,1057.56,2023-07-08
Laptop,Köln,410,1529.61,2023-09-29
Smartphone,Frankfurt,499,600.87,2023-01-02
Headphones,Berlin,69,738.45,2023-09-03
Tablet,Berlin,349,1793.48,2023-07-29
Laptop,Köln,320,1895.59,2023-10-13
Smartphone,Köln,421,1790.49,2023-12-25
Laptop,Köln,468,867.92,2023-01-13
Laptop,München,49,1571.71,2023-04-06
Tablet,Frankfurt,405,978.85,2023-08-09
Headphones,Köln,74,1020.2,2023-08-26
Laptop,Hamburg,192,449.13,2023-04-04
Smartphone,Hamburg,261,1202.7,2023-12-04
Monitor,Berlin,356,412.97,2023-09-26
Laptop,Frankfurt,70,696.55,2023-06-20
Laptop,Köln,90,1717.31,2023-04-04
Tablet,Hamburg,260,453.8,2023-05-29
Headphones,Frankfurt,126,188.76,2023-04-22
Monitor,Berlin,231,184.56,2023-02-24
Smartphone,München,295,1884.53,2023-12-03
Monitor,Frankfurt,498,1038.49,2023-04-26
Smartphone,Frankfurt,419,848.35,2023-05-23
Headphones,München,129,1631.21,2023-07-20
Smartphone,Frankfurt,280,1679.86,2023-06-29
Tablet,Berlin,313,697.77,2023-07-21
Tablet,Berlin,100,1402.56,2023-12-30
Tablet,München,326,1553.69,2023-02-22
Tablet,Köln,297,1326.57,2023-06-29
Monitor,Hamburg,182,345.61,2023-11-09
Headphones,Köln,174,1757.97,2023-11-04
Smartphone,Frankfurt,316,1101.23,2023-05-17
Smartphone,Hamburg,364,600.82,2023-07-01
Tablet,München,188,879.19,2023-01-01
Tablet,München,57,123.26,2023-02-13
Laptop,Hamburg,31,299.34,2023-08-15
Headphones,Berlin,84,1542.82,2023-11-27
Monitor,Hamburg,152,50.02,2023-04-08
Smartphone,Frankfurt,473,862.3,2023-07-27
Laptop,Berlin,36,1068.89,2023-09-22
Laptop,München,213,156.54,2023-10-15
Smartphone,Hamburg,414,1947.5,2023-09-28
Monitor,Köln,408,490.94,2023-05-20
Laptop,Köln,364,643.19,2023-08-25
Laptop,Frankfurt,106,642.69,2023-03-13
Headphones,Köln,414,499.31,2023-06-04
Monitor,Hamburg,342,52.87,2023-07-09
Laptop,Hamburg,220,1472.22,2023-09-25
Monitor,Köln,391,1935.35,2023-11-17
Smartphone,Hamburg,163,487.37,2023-04-17
Tablet,Frankfurt,439,1342.94,2023-08-20
Laptop,Berlin,220,1496.7,2023-02-11
Headphones,Frankfurt,270,1704.43,2023-07-09
Smartphone,Frankfurt,120,874.13,2023-05-19
Monitor,Hamburg,394,640.72,2023-04-13
Smartphone,Berlin,336,684.33,2023-06-20
Laptop,Hamburg,400,1439.61,2023-12-17
Monitor,München,182,1642.72,2023-09-30
Tablet,Hamburg,479,404.15,2023-08-09
Smartphone,Hamburg,106,773.33,2023-08-01
Laptop,Hamburg,217,1808.78,2023-12-07
Headphones,Berlin,205,1623.05,2023-02-25
Monitor,Hamburg,70,1970.47,2023-12-08
Smartphone,Berlin,44,1520.78,2023-04-12
Smartphone,Köln,329,816.73,2023-07-11
Tablet,München,301,1201.74,2023-11-06
Tablet,Berlin,228,1338.98,2023-07-19
Headphones,Köln,184,202.99,2023-08-21
Headphones,Berlin,107,1111.77,2023-08-15
Laptop,Berlin,84,1433.18,2023-05-19
Laptop,München,338,376.28,2023-12-10
Headphones,Frankfurt,250,1572.23,2023-11-01
Headphones,Frankfurt,363,1188.36,2023-05-29
Monitor,Berlin,441,1906.83,2023-04-25
Tablet,Hamburg,21,132.72,2023-03-04
Laptop,Köln,196,567.39,2023-04-14
Tablet,Hamburg,178,1223.03,2023-12-05
Tablet,Hamburg,417,628.29,2023-12-25
Headphones,Berlin,475,1443.13,2023-06-05
Monitor,Berlin,7,1530.06,2023-09-30
Smartphone,Berlin,70,249.91,2023-01-06
Monitor,Berlin,127,1052.02,2023-05-27
Monitor,Frankfurt,399,1042.34,2023-07-03
Tablet,Berlin,466,770.1,2023-01-28
Monitor,Frankfurt,160,1869.2,2023-02-07
Laptop,Frankfurt,248,1663.64,2023-04-29
Tablet,Berlin,203,1409.56,2023-10-20
Laptop,München,148,1442.94,2023-09-01
Smartphone,Köln,472,950.35,2023-03-09
Tablet,Hamburg,143,1845.94,2023-08-02
Smartphone,Frankfurt,432,1404.46,2023-08-06
Tablet,Köln,199,1471.51,2023-06-26
Headphones,München,405,1730.3,2023-10-26
Monitor,Hamburg,426,584.44,2023-06-13
Headphones,Hamburg,154,1623.79,2023-02-27
Smartphone,Frankfurt,492,430.72,2023-09-26
Monitor,Berlin,376,723.42,2023-11-04
Tablet,München,384,704.44,2023-02-27
Monitor,Frankfurt,142,1958.12,2023-10-15
Laptop,München,313,1720.25,2023-04-15
Monitor,Berlin,165,1417.28,2023-08-16
Laptop,Berlin,314,1467.76,2023-09-04
Monitor,Frankfurt,21,1146.04,2023-07-07
Laptop,Berlin,82,1896.83,2023-03-24
Smartphone,Köln,69,1017.7,2023-07-05
Headphones,Hamburg,131,792.01,2023-09-09
Tablet,Frankfurt,87,367.92,2023-12-21
Monitor,München,218,1583.1,2023-08-26
Headphones,Köln,421,1482.17,2023-12-26
Tablet,Frankfurt,472,799.49,2023-07-03
Tablet,Berlin,305,99.13,2023-10-11
Laptop,Berlin,403,1686.04,2023-07-29
Smartphone,Berlin,371,72.27,2023-10-31
Smartphone,Berlin,345,1422.21,2023-10-23
Headphones,München,341,1942.0,2023-04-07
Smartphone,Köln,384,903.44,2023-07-27
Monitor,Hamburg,396,508.2,2023-05-17
Smartphone,München,445,1424.5,2023-07-03
Headphones,München,425,1643.4,2023-03-17
Smartphone,Hamburg,161,1115.54,2023-10-14
Monitor,Hamburg,178,1935.72,2023-05-22
Laptop,Berlin,117,150.75,2023-08-25
Headphones,München,196,1034.35,2023-01-25
Laptop,Frankfurt,383,1450.99,2023-10-17
Laptop,Hamburg,490,1732.15,2023-03-08
Laptop,Hamburg,327,399.55,2023-09-07
Tablet,Köln,86,1610.01,2023-04-28
Tablet,Frankfurt,289,1127.78,2023-03-14
Laptop,Frankfurt,81,823.28,2023-10-09
Headphones,Hamburg,152,306.84,2023-12-26
Monitor,Berlin,61,1737.33,2023-01-10
Monitor,Köln,61,356.68,2023-07-30
Smartphone,Frankfurt,354,654.09,2023-11-19
Headphones,Hamburg,28,615.59,2023-06-01
Tablet,Frankfurt,442,1749.26,2023-01-05
Laptop,Köln,43,1361.77,2023-07-14
Smartphone,Köln,169,1603.53,2023-10-10
Monitor,München,423,538.41,2023-04-23
Tablet,Hamburg,86,1268.5,2023-09-28
Tablet,Köln,177,1164.9,2023-06-12
Laptop,München,17,1674.02,2023-04-15
Monitor,München,98,1816.87,2023-06-30
Headphones,Frankfurt,454,73.71,2023-02-13
Tablet,Frankfurt,494,1364.34,2023-10-09
Laptop,München,198,151.08,2023-06-24
Headphones,Frankfurt,98,1120.27,2023-06-11
Monitor,Köln,65,610.88,2023-12-17
Tablet,Berlin,330,648.21,2023-12-06
Headphones,Köln,341,738.27,2023-05-20
Headphones,München,5,1261.52,2023-05-12
Headphones,München,2,701.4,2023-03-28
Tablet,Köln,22,1478.76,2023-06-25
Tablet,Frankfurt,112,838.83,2023-07-02
Smartphone,Frankfurt,57,183.29,2023-05-09
Monitor,München,66,1578.33,2023-09-03
Laptop,Hamburg,330,607.23,2023-03-30
Headphones,Frankfurt,98,893.9,2023-03-07
Smartphone,Köln,144,1386.62,2023-06-07
Laptop,Frankfurt,368,698.29,2023-05-29
Smartphone,Köln,435,160.34,2023-12-06
Tablet,München,125,779.15,2023-04-26
Headphones,Frankfurt,167,1891.67,2023-08-02
Laptop,Köln,86,1301.38,2023-10-21
Laptop,München,76,1359.38,2023-09-10
Laptop,Hamburg,344,1282.95,2023-05-23
Laptop,Köln,495,438.03,2023-09-07
Laptop,Hamburg,424,865.75,2023-10-29
Smartphone,Hamburg,294,1514.33,2023-01-25
Headphones,Berlin,444,247.68,2023-10-04
Tablet,Frankfurt,59,591.81,2023-03-11
Tablet,Köln,138,588.82,2023-04-23
Tablet,Hamburg,99,892.44,2023-12-29
Tablet,Berlin,192,1961.72,2023-04-22
Smartphone,München,243,181.63,2023-12-30
Monitor,Köln,319,1061.47,2023-10-30
Headphones,Hamburg,49,399.76,2023-04-01
Laptop,Frankfurt,448,1942.82,2023-01-18
Monitor,Berlin,32,270.94,2023-05-29
Tablet,Hamburg,391,837.02,2023-08-15
Monitor,Frankfurt,277,1488.88,2023-08-02
Headphones,Hamburg,20,1423.88,2023-12-26
Laptop,Köln,154,874.32,2023-05-31
Laptop,Köln,383,725.72,2023-07-11
Headphones,Köln,68,825.34,2023-02-09
Headphones,Berlin,366,565.34,2023-08-30
Tablet,Köln,372,450.4,2023-05-18
Laptop,Frankfurt,214,991.93,2023-12-11
Monitor,Hamburg,143,573.64,2023-06-29
Smartphone,München,376,610.55,2023-07-19
Smartphone,Frankfurt,232,1330.67,2023-07-22
Headphones,Frankfurt,213,1938.65,2023-03-02
Tablet,Köln,79,1227.09,2023-07-11
Smartphone,Berlin,214,200.11,2023-01-05
Laptop,Hamburg,116,197.39,2023-08-25
Headphones,Berlin,92,1905.28,2023-06-30
Monitor,Hamburg,270,629.72,2023-11-07
Headphones,Hamburg,411,229.53,2023-02-06
Monitor,Berlin,381,1218.14,2023-02-25
Headphones,Frankfurt,489,1266.12,2023-08-25
Headphones,Hamburg,168,1314.58,2023-12-24
Headphones,Berlin,58,571.43,2023-12-15
Monitor,Hamburg,284,79.47,2023-07-16
Monitor,München,26,1931.78,2023-03-14
Headphones,Frankfurt,369,539.24,2023-02-28
Smartphone,Köln,447,1368.25,2023-08-28
Tablet,Hamburg,66,1427.93,2023-01-02
Tablet,München,409,1239.51,2023-12-26
Tablet,Köln,248,660.17,2023-07-07
Monitor,Köln,254,578.64,2023-11-03
Monitor,Hamburg,387,1215.45,2023-01-30
Smartphone,Berlin,456,1738.89,2023-09-24
Tablet,Hamburg,44,1896.13,2023-04-18
Tablet,München,97,256.52,2023-11-28
Headphones,Köln,42,351.92,2023-03-31
Monitor,Hamburg,227,1892.24,2023-07-24
Tablet,Berlin,262,1486.24,2023-08-08
Smartphone,Hamburg,167,1771.84,2023-04-04
Smartphone,Frankfurt,436,445.13,2023-04-13
Tablet,Berlin,279,1195.79,2023-08-11
Monitor,München,89,1417.22,2023-07-05
Smartphone,Köln,379,1376.22,2023-07-03
Headphones,Hamburg,178,845.9,2023-06-11
Smartphone,Berlin,427,80.02,2023-09-04
Laptop,Frankfurt,403,1186.71,2023-01-31
Laptop,Berlin,197,543.55,2023-02-21
Monitor,Frankfurt,307,928.0,2023-12-11
Tablet,München,267,1917.28,2023-03-17
